var	rsid	chr	pos	ref	alt	SYMBOL	STRAND	TYPE	DIST	DS_AG	DS_AL	DS_DG	DS_DL	DP_AG	DP_AL	DP_DG	DP_DL
1:153588340_C_T	rs11548103	1	153588340	C	T	S100A14	-	E	-35	0.0000	0.0000	0.3110	0.0115	4	-19	4	-35
1:156877520_A_G	rs149254521	1	156877520	A	G	PEAR1	+	E	2	0.0000	0.0000	0.1181	0.5456	2	-27	-48	2
1:160811374_C_G	rs115868021	1	160811374	C	G	CD244	-	E	0	0.0000	0.0000	0.0260	0.2854	0	-46	13	0
1:247719769_G_A	rs56043070	1	247719769	G	A	GCSAML	+	I	-1	0.0000	0.0000	0.0001	0.9961	20	-38	33	-1
1:247978339_G_A	rs6681046	1	247978339	G	A	OR14A16	-	E	-237	0.0006	0.0000	0.2243	0.0000	2	25	2	-39
1:63881552_C_T	rs4630153	1	63881552	C	T	ALG6	+	E	-8	0.1272	0.2495	0.0000	0.0000	13	-8	-8	-24
10:73558886_G_A	rs4747194	10	73558886	G	A	CDH23	+	E	-18	0.4883	0.0000	0.0000	0.0000	2	6	-18	40
11:111623088_T_A	rs4936675	11	111623088	T	A	PPP2R1B	-	I	-32	0.2711	0.0016	0.0000	0.0000	30	-32	15	-2
11:116701354_G_A	rs138326449	11	116701354	G	A	APOC3	+	I	-1	0.0001	0.0000	0.1104	0.8914	32	-49	-44	-1
11:118067537_C_G	rs141143931	11	118067537	C	G	AMICA1	-	I	-1	0.0868	0.9576	0.0000	0.0000	27	-1	-24	-1
11:118944675_C_T	rs3825061	11	118944675	C	T	VPS11	+	I	-14	0.0000	0.0000	0.8435	0.0136	-2	-8	-2	-14
11:118952173_A_G	rs15818	11	118952173	A	G	VPS11	+	E	-4	0.7777	0.0000	0.0006	0.0000	1	2	1	47
11:125708198_C_T	rs10160391	11	125708198	C	T	PATE4	+	I	3	0.0000	0.2259	0.0000	0.0000	24	3	3	32
11:5862532_A_C	rs10742809	11	5862532	A	C	OR52E6	-	E	-374	0.0019	0.0000	0.3710	0.0000	-1	-16	0	-5
11:59831716_C_A	rs1151065	11	59831716	C	A	MS4A3	+	I	19	0.0011	0.2206	0.0000	0.0000	50	19	-31	27
11:64004723_G_C	rs56271783	11	64004723	G	C	VEGFB	+	I	-29	0.0001	0.0000	0.4218	0.0046	-8	-36	16	-29
11:64120800_G_A	rs80181608	11	64120800	G	A	CCDC88B	+	I	23	0.4397	0.0000	0.0000	0.0000	3	35	3	22
11:65727301_A_G	rs491973	11	65727301	A	G	TSGA10IP	+	E	-13	0.0065	0.2485	0.0034	0.0000	1	-13	-5	5
11:67223920_C_G	rs1638564	11	67223920	C	G	CABP4	+	I	-7	0.0000	0.0000	0.4781	0.0000	-32	3	-3	-32
12:133196037_C_T	rs75585377	12	133196037	C	T	P2RX2	+	E	-12	0.2915	0.1076	0.0932	0.0000	7	-12	-13	18
12:48134695_T_C	rs2074533	12	48134695	T	C	RAPGEF3	-	I	3	0.0006	0.0000	0.3947	0.0047	24	12	14	3
12:48526659_G_A	rs2228501	12	48526659	G	A	PFKM	+	E	-8	0.2435	0.0000	0.0000	0.0000	2	-4	2	0
12:50727706_G_C	rs6580741	12	50727706	G	C	FAM186A	-	E	-12	0.0000	0.0000	0.9282	0.0508	-1	32	0	-12
14:23374435_G_A	rs2295680	14	23374435	G	A	RBM23	-	E	20	0.7317	0.0000	0.0009	0.0000	-5	43	12	-8
14:67675021_C_T	rs35680137	14	67675021	C	T	FAM71D	+	E	-102	0.3328	0.0000	0.0000	0.0000	13	46	13	12
14:81972441_T_C	rs11499034	14	81972441	T	C	SEL1L	-	E	-23	0.0004	0.0000	0.4224	0.0178	1	42	1	-23
14:94847262_T_A	rs17580	14	94847262	T	A	SERPINA1	-	E	-54	0.0000	0.0000	0.6875	0.0000	-32	7	2	-50
15:75130093_T_C	rs12898397	15	75130093	T	C	ULK3	-	E	-1	0.0000	0.0000	0.6662	0.6670	-1	40	5	-1
15:89804043_C_T	rs17803620	15	89804043	C	T	FANCI	+	E	31	0.0000	0.0000	0.0000	0.2133	31	-34	0	31
16:2050192_G_T	rs11556528	16	2050192	G	T	ZNF598	-	E	65	0.2047	0.0000	0.0000	0.0000	-21	47	3	-39
16:2834826_A_G	rs12931183	16	2834826	A	G	PRSS33	-	I	-23	0.0001	0.2700	0.0000	0.0000	12	-23	-23	20
16:28846866_G_A	rs55719896	16	28846866	G	A	ATXN2L	+	I	4	0.3047	0.0000	0.0000	0.0000	10	1	10	4
16:29675928_C_T	rs1050881	16	29675928	C	T	SPN	+	E	-912	0.0000	0.0000	0.3363	0.0000	-2	-35	-2	45
16:50100253_T_A	rs4389139	16	50100253	T	A	HEATR3	+	I	25	0.2463	0.0054	0.0000	0.0000	2	25	-34	45
16:50109478_G_A	rs12931497	16	50109478	G	A	HEATR3	+	I	4	0.2287	0.0025	0.0001	0.0000	18	4	18	20
16:88802748_C_T	rs61742623	16	88802748	C	T	PIEZO1	-	E	68	0.3375	0.0000	0.0000	0.0000	-2	-9	-2	0
17:34257637_T_C	rs2280786	17	34257637	T	C	RDM1	-	E	-1	0.0004	0.0000	0.1118	0.2916	39	-2	1	-1
17:39974642_A_G	rs34764749	17	39974642	A	G	FKBP10	+	E	-8	0.2165	0.0000	0.0001	0.0000	1	2	1	-4
17:42289214_G_A	rs79497010	17	42289214	G	A	UBTF	-	I	27	0.0000	0.0000	0.8726	0.0081	2	-37	2	27
17:44071294_T_C	rs62063845	17	44071294	T	C	MAPT	+	E	-4	0.0000	0.0000	0.3016	0.0000	-4	13	49	-4
17:56348226_T_G	rs35897051	17	56348226	T	G	MPO	-	I	-2	0.1133	0.9751	0.0006	0.0000	-32	-2	39	-1
17:6920257_C_T	rs11078662	17	6920257	C	T	RNASEK-C17orf49	+	E	-28	0.2086	0.0108	0.0000	0.0000	12	-28	23	18
17:6920257_C_T	rs11078662	17	6920257	C	T	C17orf49	+	E	-28	0.2129	0.0083	0.0000	0.0000	12	-28	23	18
17:73830996_C_T	rs17581728	17	73830996	C	T	UNC13D	-	I	5	0.0147	0.0000	0.2459	0.0049	-34	34	15	5
17:73888273_C_T	rs4398150	17	73888273	C	T	TRIM65	-	I	-7	0.5662	0.0849	0.0000	0.0000	-2	-7	-32	-16
18:61387389_G_A	rs1506420	18	61387389	G	A	SERPINB11	+	E	0	0.0000	0.0000	0.0418	0.3233	0	-8	-39	0
19:10469975_A_C	rs12720356	19	10469975	A	C	TYK2	-	E	3	0.8622	0.0000	0.0001	0.0000	-1	-12	-1	-12
19:10475652_C_A	rs2304256	19	10475652	C	A	TYK2	-	E	72	0.2725	0.0000	0.0000	0.0000	-9	21	-9	49
19:15508130_G_A	rs7247749	19	15508130	G	A	AKAP8L	-	I	-39	0.3060	0.0000	0.0001	0.0000	1	-13	2	39
19:18257750_C_T	rs2072490	19	18257750	C	T	MAST3	+	E	-59	0.0113	0.0000	0.4023	0.0000	-28	42	-6	50
19:35506729_G_A	rs2290647	19	35506729	G	A	GRAMD1A	+	E	-1	0.9912	0.0066	0.0000	0.0000	2	-1	2	-1
19:35556729_C_T	rs1672992	19	35556729	C	T	HPN	+	I	43	0.2433	0.0000	0.0000	0.0000	19	-30	19	-45
19:36235431_A_G	rs3761087	19	36235431	A	G	AD000671.6	-	I	96	0.1924	0.0000	0.2839	0.0000	10	6	-39	6
19:36235431_A_G	rs3761087	19	36235431	A	G	U2AF1L4	-	E	10	0.0000	0.0000	0.2911	0.0000	10	6	-39	6
19:39224934_C_T	rs62120072	19	39224934	C	T	CAPN12	-	I	25	0.0008	0.0000	0.2170	0.0347	3	9	3	25
19:39924129_T_C	rs566130	19	39924129	T	C	RPS16	-	I	33	0.0001	0.0000	0.3171	0.0005	-47	36	5	33
19:45910003_G_T	rs8113779	19	45910003	G	T	CD3EAP	+	I	-27	0.0000	0.0000	0.5958	0.0000	3	26	-6	-21
19:46181392_G_C	rs1800437	19	46181392	G	C	GIPR	+	E	-46	0.4323	0.0000	0.0082	0.0000	3	25	2	5
19:50086806_C_T	rs3745474	19	50086806	C	T	PRRG2	+	E	-7	0.4013	0.1399	0.0000	0.0000	14	-7	-31	-4
19:51738917_G_A	rs35112940	19	51738917	G	A	CD33	+	E	14	0.0000	0.0000	0.2245	0.0000	2	1	1	-50
19:8486884_G_A	rs1133893	19	8486884	G	A	ELAVL1	-	I	23006	0.0041	0.0000	0.9455	0.0000	1	-44	2	13
2:148657117_G_A	rs1128919	2	148657117	G	A	ACVR2A	+	E	19	0.1550	0.0000	0.0010	0.3565	2	11	40	19
2:169721381_A_G	rs3931	2	169721381	A	G	NOSTRIN	+	E	-37	0.0001	0.3593	0.0009	0.0000	-38	-37	-38	-7
2:69040504_G_A	rs61758703	2	69040504	G	A	ARHGAP25	+	E	47	0.0000	0.0000	0.0000	0.2078	-24	-48	4	47
2:74690378_C_T	rs1063588	2	74690378	C	T	MOGS	-	E	-61	0.0585	0.0000	0.3427	0.0000	-32	15	3	-37
20:25276343_G_A	rs2258728	20	25276343	G	A	PYGB	+	I	-37	0.0000	0.0000	0.4851	0.0074	-37	-45	1	-37
20:33509275_G_A	rs3818273	20	33509275	G	A	ACSS2	+	I	-10	0.0009	0.0001	0.7555	0.0757	-14	-10	1	-10
20:33872311_G_C	rs2275275	20	33872311	G	C	EIF6	-	I	-16	0.0000	0.2090	0.0000	0.0000	-1	-16	-16	23
20:36959436_T_G	rs5743535	20	36959436	T	G	BPI	+	I	14	0.0024	0.2550	0.0000	0.0000	-49	14	-47	14
20:55910542_T_G	rs3764674	20	55910542	T	G	SPO11	+	I	-31	0.0005	0.0000	0.2042	0.0000	-39	33	33	-20
20:62598815_C_T	rs817330	20	62598815	C	T	ZNF512B	-	E	61	0.4702	0.0000	0.0002	0.0000	-2	-1	-2	-28
21:43855067_A_C	rs1893592	21	43855067	A	C	UBASH3A	+	I	-3	0.0000	0.0000	0.5290	0.0960	-3	-15	26	-3
22:17588658_G_A	rs149771513	22	17588658	G	A	IL17RA	+	E	0	0.0053	0.0000	0.0579	0.2601	44	-41	14	0
22:30776095_C_T	rs5749088	22	30776095	C	T	RNF215	-	E	-44	0.0000	0.0000	0.8058	0.0342	28	-45	3	-44
22:30887555_C_T	rs76073588	22	30887555	C	T	SEC14L4	-	I	5	0.0045	0.0000	0.1860	0.7735	-37	14	48	5
22:38993370_C_T	rs5757162	22	38993370	C	T	FAM227A	-	I	-9	0.3342	0.0000	0.0000	0.0000	-2	29	-2	23
22:42159229_G_T	rs2050033	22	42159229	G	T	MEI1	+	E	-51	0.2709	0.0000	0.0000	0.0000	7	-40	7	30
3:121642048_A_T	rs3817601	3	121642048	A	T	SLC15A2	+	I	21	0.2379	0.0439	0.0000	0.0000	5	21	5	-3
3:122277172_G_A	rs9289199	3	122277172	G	A	PARP9	-	I	4	0.0000	0.0003	0.0002	0.2253	-42	4	2	4
3:128780764_A_G	rs5030764	3	128780764	A	G	GP9	+	E	-193	0.2665	0.0000	0.0000	0.0000	1	4	1	9
3:132217957_T_G	rs78526588	3	132217957	T	G	DNAJC13	+	I	13	0.4992	0.0296	0.0001	0.0000	1	13	37	28
3:132224128_G_A	rs62292959	3	132224128	G	A	DNAJC13	+	I	18	0.3355	0.0165	0.0000	0.0000	2	18	27	0
3:148597612_C_T	rs12489516	3	148597612	C	T	CPA3	+	E	-37	0.0000	0.2642	0.0000	0.0000	17	-37	-42	-37
3:171417570_G_A	rs143845082	3	171417570	G	A	PLD1	-	E	-35	0.0000	0.0000	0.0003	0.2757	10	46	46	-35
3:39111140_C_A	rs2293312	3	39111140	C	A	WDR48	+	E	-6	0.0010	0.2773	0.0000	0.0000	2	-6	-46	2
3:41957466_T_G	rs1716698	3	41957466	T	G	ULK4	-	I	3	0.0000	0.0000	0.0001	0.9248	3	17	-9	3
3:46491985_C_T	rs61740470	3	46491985	C	T	LTF	-	E	0	0.0006	0.0000	0.2009	0.0785	5	48	6	0
3:49721798_C_A	rs13085791	3	49721798	C	A	MST1	-	E	-51	0.0004	0.0000	0.3293	0.0000	6	32	6	-46
3:58395863_A_G	rs56384862	3	58395863	A	G	PXK	+	E	23	0.0010	0.0000	0.3314	0.0141	-17	-43	0	23
4:110638824_C_T	rs114816312	4	110638824	C	T	PLA2G12A	-	E	45	0.2418	0.0000	0.0000	0.0000	-5	15	-4	15
4:110920824_T_G	rs199756953	4	110920824	T	G	EGF	+	I	11	0.0006	0.2774	0.0000	0.0000	-25	11	11	39
5:140054257_C_T	rs58302597	5	140054257	C	T	HARS	-	I	7	0.0000	0.0000	0.3131	0.0000	-2	-49	-2	30
5:60063694_G_A	rs200699082	5	60063694	G	A	ELOVL7	-	E	36	0.0010	0.2568	0.0000	0.0000	-37	36	36	-44
5:68602746_G_C	rs6881767	5	68602746	G	C	CCDC125	-	I	-17	0.0161	0.3168	0.0000	0.0000	-1	-17	1	4
6:142688969_A_G	rs17280293	6	142688969	A	G	ADGRG6	+	E	78	0.0322	0.0000	0.2288	0.0000	1	-45	0	-16
6:24806594_C_T	rs9358799	6	24806594	C	T	RP3-369A17.6	-	I	1	0.0002	0.0000	0.0028	0.9279	-45	0	42	1
6:29911114_G_A	rs3173420	6	29911114	G	A	HLA-A	+	E	-69	0.3553	0.0000	0.0000	0.0000	2	44	-6	-48
6:29912796_G_A	rs2735103	6	29912796	G	A	HLA-A	+	I	40	0.2789	0.0000	0.0000	0.0000	22	44	22	10
6:31239049_G_T	rs1065406	6	31239049	G	T	HLA-C	-	E	76	0.2546	0.0000	0.0000	0.0000	-2	-16	-2	13
6:31324667_G_A	rs1050502	6	31324667	G	A	HLA-B	-	E	67	0.2781	0.0000	0.0001	0.0000	-5	22	-5	-35
6:31540556_T_C	rs2229094	6	31540556	T	C	LTA	+	E	-45	0.0000	0.0000	0.2040	0.0000	-45	-4	-4	-2
6:3289983_T_C	rs4959230	6	3289983	T	C	SLC22A23	-	I	15	0.0000	0.0000	0.2265	0.0028	1	-14	1	15
7:100175010_C_T	rs140761835	7	100175010	C	T	LRCH4	-	E	2	0.2992	0.0000	0.0005	0.0000	-2	-47	3	36
7:100225847_C_T	rs139178017	7	100225847	C	T	TFR2	-	E	0	0.0014	0.0000	0.5241	0.4540	-22	48	-21	0
7:6066450_T_C	rs2640	7	6066450	T	C	EIF2AK1	-	E	-91	0.0004	0.0000	0.2953	0.0000	-38	40	0	18
7:75630274_T_C	rs8565	7	75630274	T	C	STYXL1	-	E	46	0.8902	0.0000	0.0000	0.0000	-1	-2	-46	-1
8:17817553_G_T	rs17635381	8	17817553	G	T	PCM1	+	E	-30	0.4266	0.0012	0.0000	0.0000	5	-30	5	-1
8:19819724_C_G	rs328	8	19819724	C	G	LPL	+	E	6	0.0000	0.0000	0.2006	0.0354	-3	3	-3	6
8:41543675_G_A	rs34664882	8	41543675	G	A	ANK1	-	E	-5	0.0000	0.0000	0.5987	0.0041	2	9	2	-5
9:116191169_A_G	rs72760093	9	116191169	A	G	C9orf43	+	I	11	0.9950	0.5900	0.0000	0.0000	1	11	11	21
9:35707338_G_A	rs55810625	9	35707338	G	A	TLN1	-	I	7	0.0009	0.0000	0.4386	0.0000	-48	18	2	4
9:6255967_G_C	rs146597587	9	6255967	G	C	IL33	+	I	1	0.0141	0.8408	0.0000	0.0000	10	1	-3	10
